Workbook

Sheet Medical_Record_ROI_Operations_D
A1: Request_ID | B1: Patient_ID | C1: Request_Date | D1: Completion_Date | E1: Request_Type | F1: Record_Type | G1: Department | H1: Priority | I1: Status | J1: Assigned_Associate | K1: Pages_Processed | L1: Errors_Found | M1: Quality_Score | N1: TAT_Days | O1: SLA_Target | P1: SLA_Status | Q1: Error_Rate | R1: Pages_Per_Day
A2: ROI00001 | B2: P64983 | C2: 46066 | D2: 46073 | E2: Insurance | F2: Consultation Note | G2: Oncology | H2: Urgent | I2: Completed | J2: Rahul | K2: 356 | L2: 1 | M2: 99.32 | N2: =D2-C2 -> 7 | O2: =5 -> 5 | P2: =IF(N2<=O2,"Met","Breached") -> Breached | Q2: =(L2/K2)*100 -> 0.28089888 | R2: =(K2/N2) -> 50.857143
A3: ROI00002 | B3: P72487 | C3: 46166 | D3: 46167 | E3: Attorney | F3: Discharge Summary | G3: Neurology | H3: Normal | I3: Pending | J3: Pooja | K3: 273 | L3: 1 | M3: 98.6 | N3: =D3-C3 -> 1 | O3: =5 -> 5 | P3: =IF(N3<=O3,"Met","Breached") -> Met | Q3: =(L3/K3)*100 -> 0.36630037 | R3: =(K3/N3) -> 273
A4: ROI00003 | B4: P19923 | C4: 46077 | D4: 46080 | E4: Attorney | F4: Progress Notes | G4: Cardiology | H4: Normal | I4: In Progress | J4: Amit | K4: 128 | L4: 2 | M4: 97.86 | N4: =D4-C4 -> 3 | O4: =5 -> 5 | P4: =IF(N4<=O4,"Met","Breached") -> Met | Q4: =(L4/K4)*100 -> 1.5625 | R4: =(K4/N4) -> 42.666667
A5: ROI00004 | B5: P70286 | C5: 46154 | D5: 46162 | E5: Patient | F5: Operative Note | G5: Cardiology | H5: Urgent | I5: Pending | J5: Pooja | K5: 455 | L5: 1 | M5: 98.64 | N5: =D5-C5 -> 8 | O5: =5 -> 5 | P5: =IF(N5<=O5,"Met","Breached") -> Breached | Q5: =(L5/K5)*100 -> 0.21978022 | R5: =(K5/N5) -> 56.875
A6: ROI00005 | B6: P33416 | C6: 46173 | D6: 46183 | E6: Patient | F6: Consultation Note | G6: General Medicine | H6: Normal | I6: Completed | J6: Neha | K6: 56 | L6: 1 | M6: 99.21 | N6: =D6-C6 -> 10 | O6: =5 -> 5 | P6: =IF(N6<=O6,"Met","Breached") -> Breached | Q6: =(L6/K6)*100 -> 1.7857143 | R6: =(K6/N6) -> 5.6
A7: ROI00006 | B7: P77919 | C7: 46153 | D7: 46158 | E7: Insurance | F7: Radiology Report | G7: Neurology | H7: Normal | I7: Pending | J7: Sneha | K7: 431 | L7: 5 | M7: 97.37 | N7: =D7-C7 -> 5 | O7: =5 -> 5 | P7: =IF(N7<=O7,"Met","Breached") -> Met | Q7: =(L7/K7)*100 -> 1.1600928 | R7: =(K7/N7) -> 86.2
A8: ROI00007 | B8: P81128 | C8: 46133 | D8: 46139 | E8: Patient | F8: Consultation Note | G8: Pediatrics | H8: Normal | I8: Pending | J8: Pooja | K8: 216 | L8: 4 | M8: 97.4 | N8: =D8-C8 -> 6 | O8: =5 -> 5 | P8: =IF(N8<=O8,"Met","Breached") -> Breached | Q8: =(L8/K8)*100 -> 1.8518519 | R8: =(K8/N8) -> 36
A9: ROI00008 | B9: P26910 | C9: 46158 | D9: 46165 | E9: Attorney | F9: Consultation Note | G9: Orthopedics | H9: Normal | I9: In Progress | J9: Vikas | K9: 24 | L9: 4 | M9: 95.02 | N9: =D9-C9 -> 7 | O9: =5 -> 5 | P9: =IF(N9<=O9,"Met","Breached") -> Breached | Q9: =(L9/K9)*100 -> 16.666667 | R9: =(K9/N9) -> 3.4285714
A10: ROI00009 | B10: P80124 | C10: 46085 | D10: 46095 | E10: Insurance | F10: Progress Notes | G10: Cardiology | H10: High | I10: In Progress | J10: Amit | K10: 130 | L10: 1 | M10: 98.54 | N10: =D10-C10 -> 10 | O10: =5 -> 5 | P10: =IF(N10<=O10,"Met","Breached") -> Breached | Q10: =(L10/K10)*100 -> 0.76923077 | R10: =(K10/N10) -> 13
A11: ROI00010 | B11: P15084 | C11: 46158 | D11: 46167 | E11: Physician | F11: Radiology Report | G11: Emergency | H11: High | I11: In Progress | J11: Amit | K11: 292 | L11: 5 | M11: 95.94 | N11: =D11-C11 -> 9 | O11: =5 -> 5 | P11: =IF(N11<=O11,"Met","Breached") -> Breached | Q11: =(L11/K11)*100 -> 1.7123288 | R11: =(K11/N11) -> 32.444444
A12: ROI00011 | B12: P77842 | C12: 46061 | D12: 46065 | E12: Physician | F12: Consultation Note | G12: Orthopedics | H12: High | I12: Pending | J12: Neha | K12: 199 | L12: 1 | M12: 99.23 | N12: =D12-C12 -> 4 | O12: =5 -> 5 | P12: =IF(N12<=O12,"Met","Breached") -> Met | Q12: =(L12/K12)*100 -> 0.50251256 | R12: =(K12/N12) -> 49.75
A13: ROI00012 | B13: P10500 | C13: 46064 | D13: 46068 | E13: Legal | F13: Operative Note | G13: Pediatrics | H13: Normal | I13: Completed | J13: Priya | K13: 275 | L13: 1 | M13: 99.24 | N13: =D13-C13 -> 4 | O13: =5 -> 5 | P13: =IF(N13<=O13,"Met","Breached") -> Met | Q13: =(L13/K13)*100 -> 0.36363636 | R13: =(K13/N13) -> 68.75
... A10001: ROI10000 | B10001: P19589 | C10001: 46032 | D10001: 46033 | E10001: Physician | F10001: Lab Report | G10001: Oncology | H10001: Urgent | I10001: In Progress | J10001: Amit | K10001: 369 | L10001: 0 | M10001: 100 | N10001: =D10001-C10001 -> 1 | O10001: =5 -> 5 | P10001: =IF(N10001<=O10001,"Met","Breached") -> Met | Q10001: =(L10001/K10001)*100 -> 0 | R10001: =(K10001/N10001) -> 369

Sheet EDA Analysis
B2: KPI | E2: Deaprtment Workload | H2: SLA Performance
B3: Total Request | C3: =COUNTA(Medical_Record_ROI_Operations_D!A2:A10001) -> 10000 | E3: Department | F3: Count of Request_ID | H3: SLA Status | I3: Request
B4: Average TAT | C4: =AVERAGE(Medical_Record_ROI_Operations_D!N:N) -> 5.494 | E4: Cardiology | F4: 1234 | H4: Breached | I4: 4948
B5: Average Quality Score | C5: =AVERAGE(Medical_Record_ROI_Operations_D!M:M) -> 97.504952 | E5: Emergency | F5: 1233 | H5: Met | I5: 5052
B6: Total Pages Processed | C6: =SUM(Medical_Record_ROI_Operations_D!K2:K10001) -> 2595983 | E6: General Medicine | F6: 1306
B7: Total Errors | C7: =SUM(Medical_Record_ROI_Operations_D!L:L) -> 24846 | E7: Neurology | F7: 1201 | H7: Associate Productivity
E8: Oncology | F8: 1256 | H8: Row Labels | I8: Count of Request_ID | J8: Sum of Pages_Processed | K8: Average of Quality_Score
B9: Request Volume by Type | E9: Orthopedics | F9: 1220 | H9: Amit | I9: 1274 | J9: 321747 | K9: 97.510667
B10: Request Type | C10: Count of Request_ID | E10: Pediatrics | F10: 1273 | H10: Karan | I10: 1198 | J10: 316605 | K10: 97.491569
B11: Attorney | C11: 2010 | E11: Radiology | F11: 1277 | H11: Neha | I11: 1326 | J11: 342095 | K11: 97.474653
B12: Insurance | C12: 1989 | H12: Pooja | I12: 1195 | J12: 309871 | K12: 97.537992
B13: Legal | C13: 1970 | H13: Priya | I13: 1232 | J13: 315872 | K13: 97.449172
B14: Patient | C14: 2010 | E14: Turnaround Time Analysis | H14: Rahul | I14: 1211 | J14: 311363 | K14: 97.646515
B15: Physician | C15: 2021 | E15: Row Labels | F15: Average of TAT_Days | H15: Sneha | I15: 1265 | J15: 328157 | K15: 97.418838
E16: Cardiology | F16: 5.2998379 | H16: Vikas | I16: 1299 | J16: 350273 | K16: 97.517013
B17: Record Type Analysis | E17: Emergency | F17: 5.6374696
B18: Record Type | C18: Count of Request_ID | E18: General Medicine | F18: 5.4525268
B19: Consultation Note | C19: 1553 | E19: Neurology | F19: 5.4929226
B20: Discharge Summary | C20: 1697 | E20: Oncology | F20: 5.5748408
B21: Lab Report | C21: 1703 | E21: Orthopedics | F21: 5.5729508
B22: Operative Note | C22: 1729 | E22: Pediatrics | F22: 5.3896308
B23: Progress Notes | C23: 1648 | E23: Radiology | F23: 5.5356304
B24: Radiology Report | C24: 1670
